{
  "metadata": {
    "total_listas": 3736,
    "inicio_teste": 560,
    "observacao": "Validacao temporal. O treino usa somente listas anteriores ao teste."
  },
  "lista_anterior": {
    "n": 3176,
    "media_acertos": 8.976385390428211,
    "mediana_acertos": 9.0,
    "min_acertos": 5,
    "max_acertos": 13,
    "pct_10_ou_mais": 32.651133501259444,
    "pct_11_ou_mais": 10.390428211586903,
    "pct_12_ou_mais": 1.9521410579345089,
    "pct_13_ou_mais": 0.2204030226700252,
    "pct_14_ou_mais": 0.0,
    "pct_15": 0.0,
    "distribuicao": {
      "5": 1,
      "6": 48,
      "7": 299,
      "8": 765,
      "9": 1026,
      "10": 707,
      "11": 268,
      "12": 55,
      "13": 7
    }
  },
  "frequencia_acumulada": {
    "n": 3176,
    "media_acertos": 9.025503778337532,
    "mediana_acertos": 9.0,
    "min_acertos": 5,
    "max_acertos": 14,
    "pct_10_ou_mais": 34.63476070528967,
    "pct_11_ou_mais": 10.957178841309824,
    "pct_12_ou_mais": 1.6687657430730478,
    "pct_13_ou_mais": 0.12594458438287154,
    "pct_14_ou_mais": 0.031486146095717885,
    "pct_15": 0.0,
    "distribuicao": {
      "5": 1,
      "6": 53,
      "7": 266,
      "8": 730,
      "9": 1026,
      "10": 752,
      "11": 295,
      "12": 49,
      "13": 3,
      "14": 1
    }
  },
  "frequencia_movel_5": {
    "n": 3176,
    "media_acertos": 9.001889168765743,
    "mediana_acertos": 9.0,
    "min_acertos": 5,
    "max_acertos": 13,
    "pct_10_ou_mais": 34.288413098236774,
    "pct_11_ou_mais": 10.86272040302267,
    "pct_12_ou_mais": 1.9521410579345089,
    "pct_13_ou_mais": 0.09445843828715365,
    "pct_14_ou_mais": 0.0,
    "pct_15": 0.0,
    "distribuicao": {
      "5": 3,
      "6": 35,
      "7": 294,
      "8": 788,
      "9": 967,
      "10": 744,
      "11": 283,
      "12": 59,
      "13": 3
    }
  },
  "frequencia_movel_10": {
    "n": 3176,
    "media_acertos": 8.961586901763225,
    "mediana_acertos": 9.0,
    "min_acertos": 5,
    "max_acertos": 13,
    "pct_10_ou_mais": 32.9345088161209,
    "pct_11_ou_mais": 10.42191435768262,
    "pct_12_ou_mais": 1.5743073047858942,
    "pct_13_ou_mais": 0.2518891687657431,
    "pct_14_ou_mais": 0.0,
    "pct_15": 0.0,
    "distribuicao": {
      "5": 1,
      "6": 59,
      "7": 294,
      "8": 788,
      "9": 988,
      "10": 715,
      "11": 281,
      "12": 42,
      "13": 8
    }
  },
  "frequencia_movel_20": {
    "n": 3176,
    "media_acertos": 8.990869017632242,
    "mediana_acertos": 9.0,
    "min_acertos": 5,
    "max_acertos": 14,
    "pct_10_ou_mais": 33.21788413098237,
    "pct_11_ou_mais": 10.358942065491183,
    "pct_12_ou_mais": 1.8891687657430731,
    "pct_13_ou_mais": 0.1889168765743073,
    "pct_14_ou_mais": 0.031486146095717885,
    "pct_15": 0.0,
    "distribuicao": {
      "5": 2,
      "6": 52,
      "7": 274,
      "8": 768,
      "9": 1025,
      "10": 726,
      "11": 269,
      "12": 54,
      "13": 5,
      "14": 1
    }
  },
  "frequencia_movel_50": {
    "n": 3176,
    "media_acertos": 9.012909319899244,
    "mediana_acertos": 9.0,
    "min_acertos": 5,
    "max_acertos": 13,
    "pct_10_ou_mais": 34.72921914357683,
    "pct_11_ou_mais": 11.051637279596978,
    "pct_12_ou_mais": 1.7632241813602016,
    "pct_13_ou_mais": 0.15743073047858944,
    "pct_14_ou_mais": 0.0,
    "pct_15": 0.0,
    "distribuicao": {
      "5": 3,
      "6": 45,
      "7": 292,
      "8": 743,
      "9": 990,
      "10": 752,
      "11": 295,
      "12": 51,
      "13": 5
    }
  },
  "frequencia_movel_100": {
    "n": 3176,
    "media_acertos": 9.012594458438286,
    "mediana_acertos": 9.0,
    "min_acertos": 5,
    "max_acertos": 13,
    "pct_10_ou_mais": 34.35138539042821,
    "pct_11_ou_mais": 11.209068010075567,
    "pct_12_ou_mais": 1.5428211586901763,
    "pct_13_ou_mais": 0.09445843828715365,
    "pct_14_ou_mais": 0.0,
    "pct_15": 0.0,
    "distribuicao": {
      "5": 2,
      "6": 50,
      "7": 282,
      "8": 737,
      "9": 1014,
      "10": 735,
      "11": 307,
      "12": 46,
      "13": 3
    }
  },
  "frequencia_movel_250": {
    "n": 3176,
    "media_acertos": 9.01574307304786,
    "mediana_acertos": 9.0,
    "min_acertos": 5,
    "max_acertos": 13,
    "pct_10_ou_mais": 33.69017632241814,
    "pct_11_ou_mais": 10.925692695214106,
    "pct_12_ou_mais": 1.857682619647355,
    "pct_13_ou_mais": 0.031486146095717885,
    "pct_14_ou_mais": 0.0,
    "pct_15": 0.0,
    "distribuicao": {
      "5": 5,
      "6": 47,
      "7": 281,
      "8": 704,
      "9": 1069,
      "10": 723,
      "11": 288,
      "12": 58,
      "13": 1
    }
  },
  "frequencia_movel_500": {
    "n": 3176,
    "media_acertos": 9.039357682619647,
    "mediana_acertos": 9.0,
    "min_acertos": 5,
    "max_acertos": 13,
    "pct_10_ou_mais": 34.82367758186398,
    "pct_11_ou_mais": 11.901763224181359,
    "pct_12_ou_mais": 1.8261964735516372,
    "pct_13_ou_mais": 0.2204030226700252,
    "pct_14_ou_mais": 0.0,
    "pct_15": 0.0,
    "distribuicao": {
      "5": 1,
      "6": 51,
      "7": 256,
      "8": 755,
      "9": 1007,
      "10": 728,
      "11": 320,
      "12": 51,
      "13": 7
    }
  },
  "frequencia_movel_1000": {
    "n": 2736,
    "media_acertos": 9.032163742690058,
    "mediana_acertos": 9.0,
    "min_acertos": 5,
    "max_acertos": 14,
    "pct_10_ou_mais": 34.42982456140351,
    "pct_11_ou_mais": 11.403508771929824,
    "pct_12_ou_mais": 1.9005847953216373,
    "pct_13_ou_mais": 0.07309941520467836,
    "pct_14_ou_mais": 0.03654970760233918,
    "pct_15": 0.0,
    "distribuicao": {
      "5": 1,
      "6": 44,
      "7": 250,
      "8": 585,
      "9": 914,
      "10": 630,
      "11": 260,
      "12": 50,
      "13": 1,
      "14": 1
    }
  }
}